<?xml version="1.0" encoding="UTF-8"?>
<root>
  <item name="com.lee.library.adapter.ProxyAdapter.ViewTypeSpec int getType(int)">
    <annotation name="android.support.annotation.IntDef">
      <val name="value" val="{com.lee.library.adapter.ProxyAdapter.ViewTypeSpec.UNSPECIFIED, com.lee.library.adapter.ProxyAdapter.ViewTypeSpec.HEADER, com.lee.library.adapter.ProxyAdapter.ViewTypeSpec.FOOTER}" />
    </annotation>
  </item>
  <item name="com.lee.library.adapter.ProxyAdapter.ViewTypeSpec int makeItemViewTypeSpec(int, int) 1">
    <annotation name="android.support.annotation.IntDef">
      <val name="value" val="{com.lee.library.adapter.ProxyAdapter.ViewTypeSpec.UNSPECIFIED, com.lee.library.adapter.ProxyAdapter.ViewTypeSpec.HEADER, com.lee.library.adapter.ProxyAdapter.ViewTypeSpec.FOOTER}" />
    </annotation>
  </item>
</root>

